clorosis_pct,necrosis_pct,dist_mina_km,ph_suelo,lat,lon,zona_cercana,sitio_campo,rep_indice,as_mgkg,riesgo,tipo_muestra,fuente,b_mgkg,cd_mgkg,cu_mgkg,fe_mgkg,hg_mgkg,pb_mgkg,zn_mgkg
51.61,26.9,18.65,7.39,-16.4575,-71.8046,La Joya (As agua),La Joya (vinedo),249.74,3.746,2,real,Zegarra-Aymara_et_al_2025_UNSA,,,,,,,
58.0,41.15,68.74,7.42,-16.2259,-72.4434,Valle del Tambo (As),Majes Tradicion,151.22,4.684,1,real,Zegarra-Aymara_et_al_2025_UNSA,,,,,,,
42.52,30.17,43.0,7.36,-16.331,-72.2229,Valle del Tambo (As),CIEPA-Majes,153.53,5.016,1,real,Zegarra-Aymara_et_al_2025_UNSA,,,,,,,
48.0,29.52,1.95,7.58,-16.5705,-71.9294,La Joya (As agua),San Isidro,128.34,4.255,1,real,Zegarra-Aymara_et_al_2025_UNSA,,,,,,,
54.09,35.62,18.62,7.43,-16.45751,-71.80503,La Joya (As agua),La Joya (vinedo),284.32,4.0338,2,bootstrap,Zegarra-Aymara_et_al_2025_UNSA,36.1667,0.2208,35.1186,4732.4045,0.2642,4.626,40.1324
46.15,28.44,18.66,7.38,-16.45784,-71.80399,La Joya (As agua),La Joya (vinedo),279.65,3.5875,2,bootstrap,Zegarra-Aymara_et_al_2025_UNSA,34.4146,0.203,34.8788,5085.6458,0.2698,6.2072,34.6717
45.73,34.54,18.71,7.38,-16.45719,-71.80404,La Joya (As agua),La Joya (vinedo),213.64,3.4351,2,bootstrap,Zegarra-Aymara_et_al_2025_UNSA,32.4354,0.2065,35.7666,5121.8639,0.1711,5.2334,36.8949
41.38,37.47,18.68,7.39,-16.45739,-71.80426,La Joya (As agua),La Joya (vinedo),198.99,3.853,2,bootstrap,Zegarra-Aymara_et_al_2025_UNSA,38.5351,0.1433,33.2688,4840.4075,0.1735,4.9747,42.7525
47.38,31.84,18.57,7.4,-16.45834,-71.80477,La Joya (As agua),La Joya (vinedo),310.08,3.9629,2,bootstrap,Zegarra-Aymara_et_al_2025_UNSA,38.87,0.2108,33.2005,4842.6349,0.3082,5.0174,30.9773
37.4,33.37,18.67,7.42,-16.45725,-71.80453,La Joya (As agua),La Joya (vinedo),214.59,3.5879,2,bootstrap,Zegarra-Aymara_et_al_2025_UNSA,36.5543,0.2058,33.293,5097.8765,0.1714,4.9298,34.7766
37.96,32.25,18.63,7.41,-16.45773,-71.80459,La Joya (As agua),La Joya (vinedo),148.61,3.9112,1,bootstrap,Zegarra-Aymara_et_al_2025_UNSA,38.678,0.184,33.0252,4948.8923,0.0791,4.377,30.7775
49.41,32.32,18.6,7.45,-16.45795,-71.80479,La Joya (As agua),La Joya (vinedo),220.26,3.6142,2,bootstrap,Zegarra-Aymara_et_al_2025_UNSA,38.9802,0.159,33.5372,4707.2089,0.2005,5.5436,29.0579
53.29,34.02,18.57,7.39,-16.4578,-71.80532,La Joya (As agua),La Joya (vinedo),188.14,3.5501,1,bootstrap,Zegarra-Aymara_et_al_2025_UNSA,36.8649,0.1877,37.7842,4904.5609,0.1389,5.2064,37.334
48.11,35.59,18.71,7.33,-16.45732,-71.80387,La Joya (As agua),La Joya (vinedo),229.84,3.5093,2,bootstrap,Zegarra-Aymara_et_al_2025_UNSA,32.0076,0.1753,30.7848,5147.4114,0.211,4.3649,32.0828
44.62,27.87,18.83,7.41,-16.4565,-71.80314,La Joya (As agua),La Joya (vinedo),211.5,3.3799,2,bootstrap,Zegarra-Aymara_et_al_2025_UNSA,26.9567,0.195,32.1096,4855.6853,0.1759,5.0432,40.9294
59.98,25.03,18.55,7.37,-16.45802,-71.80544,La Joya (As agua),La Joya (vinedo),180.99,3.7261,1,bootstrap,Zegarra-Aymara_et_al_2025_UNSA,43.2976,0.1909,36.3294,4832.3756,0.1244,4.6228,33.3168
50.43,42.43,18.65,7.44,-16.45708,-71.80505,La Joya (As agua),La Joya (vinedo),222.39,3.8884,2,bootstrap,Zegarra-Aymara_et_al_2025_UNSA,35.2337,0.1858,32.4812,5094.9043,0.1901,4.4899,30.9678
50.31,50.58,18.65,7.4,-16.45742,-71.80466,La Joya (As agua),La Joya (vinedo),341.93,4.2292,2,bootstrap,Zegarra-Aymara_et_al_2025_UNSA,36.8092,0.1747,36.6198,5090.0957,0.3692,5.2084,31.195
64.36,37.33,18.71,7.37,-16.45664,-71.80469,La Joya (As agua),La Joya (vinedo),244.5,4.2867,2,bootstrap,Zegarra-Aymara_et_al_2025_UNSA,31.2515,0.1602,35.5318,4861.4482,0.2305,5.0316,37.8337
38.57,32.91,18.6,7.39,-16.45718,-71.80563,La Joya (As agua),La Joya (vinedo),159.16,3.434,1,bootstrap,Zegarra-Aymara_et_al_2025_UNSA,30.7832,0.1607,33.2348,5225.3761,0.1116,5.1306,34.3413
60.44,26.44,18.72,7.38,-16.45723,-71.80393,La Joya (As agua),La Joya (vinedo),255.81,3.4885,2,bootstrap,Zegarra-Aymara_et_al_2025_UNSA,34.952,0.1943,34.4349,4669.8954,0.2391,5.2314,47.0983
43.55,32.73,18.59,7.36,-16.45764,-71.80533,La Joya (As agua),La Joya (vinedo),234.25,3.8628,2,bootstrap,Zegarra-Aymara_et_al_2025_UNSA,40.9425,0.1651,32.4828,4374.7278,0.2164,4.5732,34.1489
37.4,27.92,18.52,7.5,-16.45838,-71.80533,La Joya (As agua),La Joya (vinedo),242.23,3.2697,2,bootstrap,Zegarra-Aymara_et_al_2025_UNSA,31.2945,0.2421,40.8469,4645.6859,0.1979,5.2892,43.746
47.84,33.28,18.7,7.37,-16.45711,-71.80438,La Joya (As agua),La Joya (vinedo),213.13,3.6965,2,bootstrap,Zegarra-Aymara_et_al_2025_UNSA,30.1292,0.1799,33.394,5035.5036,0.181,5.3555,40.703
50.94,35.75,18.65,7.35,-16.45747,-71.8046,La Joya (As agua),La Joya (vinedo),224.58,3.8631,2,bootstrap,Zegarra-Aymara_et_al_2025_UNSA,35.4824,0.2498,37.7174,5078.1796,0.1623,4.5477,41.4614
55.3,14.49,18.61,7.41,-16.45837,-71.80414,La Joya (As agua),La Joya (vinedo),242.95,3.3351,2,bootstrap,Zegarra-Aymara_et_al_2025_UNSA,33.9143,0.1949,34.1433,4889.8941,0.2217,4.9865,37.0474
44.02,32.52,18.64,7.4,-16.45762,-71.80451,La Joya (As agua),La Joya (vinedo),303.44,3.6084,2,bootstrap,Zegarra-Aymara_et_al_2025_UNSA,28.5293,0.1968,38.0793,4545.0767,0.3087,4.9475,36.1384
60.81,29.26,18.72,7.48,-16.45685,-71.80431,La Joya (As agua),La Joya (vinedo),251.29,4.1816,2,bootstrap,Zegarra-Aymara_et_al_2025_UNSA,37.7298,0.2393,35.0516,5200.9623,0.2043,5.1489,33.4349
52.94,28.22,18.67,7.45,-16.45711,-71.8047,La Joya (As agua),La Joya (vinedo),188.29,4.0238,1,bootstrap,Zegarra-Aymara_et_al_2025_UNSA,43.5185,0.2089,30.3257,4952.4371,0.1255,4.8507,42.8217
60.02,20.2,18.61,7.33,-16.45801,-71.80458,La Joya (As agua),La Joya (vinedo),277.43,3.4977,2,bootstrap,Zegarra-Aymara_et_al_2025_UNSA,37.1973,0.2217,35.4506,4334.7389,0.2584,5.1517,38.158
61.39,35.21,18.64,7.31,-16.4578,-71.8043,La Joya (As agua),La Joya (vinedo),325.25,4.2921,2,bootstrap,Zegarra-Aymara_et_al_2025_UNSA,37.4334,0.2124,32.6783,5197.0122,0.3272,5.2338,37.3952
50.3,41.65,18.64,7.41,-16.45757,-71.80468,La Joya (As agua),La Joya (vinedo),201.9,4.1159,2,bootstrap,Zegarra-Aymara_et_al_2025_UNSA,31.4547,0.1832,37.5014,4764.5355,0.157,5.2182,39.9876
48.91,29.46,18.71,7.42,-16.45707,-71.80418,La Joya (As agua),La Joya (vinedo),244.26,4.6072,2,bootstrap,Zegarra-Aymara_et_al_2025_UNSA,35.0304,0.1269,37.79,4843.9269,0.2407,5.7829,29.5894
56.2,35.53,18.63,7.42,-16.4579,-71.80438,La Joya (As agua),La Joya (vinedo),256.1,3.8482,2,bootstrap,Zegarra-Aymara_et_al_2025_UNSA,29.9705,0.1177,34.1477,4840.0178,0.2723,5.473,36.9865
40.54,24.35,18.65,7.38,-16.45723,-71.80495,La Joya (As agua),La Joya (vinedo),240.25,3.8188,2,bootstrap,Zegarra-Aymara_et_al_2025_UNSA,39.328,0.1752,35.2447,4897.2066,0.2204,5.5381,27.9285
49.84,27.53,18.53,7.43,-16.45867,-71.80494,La Joya (As agua),La Joya (vinedo),340.95,3.6406,2,bootstrap,Zegarra-Aymara_et_al_2025_UNSA,36.7187,0.2197,37.1401,4951.8304,0.3528,5.162,32.8401
51.46,34.43,18.6,7.43,-16.45794,-71.80478,La Joya (As agua),La Joya (vinedo),248.29,4.3827,2,bootstrap,Zegarra-Aymara_et_al_2025_UNSA,30.0987,0.1988,31.5747,5102.8534,0.2192,4.1812,40.3443
51.41,31.19,18.58,7.41,-16.45803,-71.80493,La Joya (As agua),La Joya (vinedo),164.9,3.676,1,bootstrap,Zegarra-Aymara_et_al_2025_UNSA,37.2671,0.1979,37.1236,4875.8383,0.0981,5.6593,34.9902
52.91,30.31,18.65,7.49,-16.45757,-71.80443,La Joya (As agua),La Joya (vinedo),276.87,4.5145,2,bootstrap,Zegarra-Aymara_et_al_2025_UNSA,36.1807,0.1918,36.5492,4736.1899,0.261,5.1018,37.7331
51.86,29.69,18.52,7.37,-16.45854,-71.80516,La Joya (As agua),La Joya (vinedo),235.36,3.6375,2,bootstrap,Zegarra-Aymara_et_al_2025_UNSA,44.007,0.2202,31.7591,5067.5886,0.1944,4.97,37.1866
63.0,35.64,18.65,7.39,-16.45697,-71.80517,La Joya (As agua),La Joya (vinedo),266.01,4.7071,2,bootstrap,Zegarra-Aymara_et_al_2025_UNSA,36.8247,0.23,34.2351,5132.3118,0.2259,5.0281,33.0862
56.55,36.72,18.71,7.41,-16.45717,-71.80406,La Joya (As agua),La Joya (vinedo),226.4,3.6401,2,bootstrap,Zegarra-Aymara_et_al_2025_UNSA,37.7921,0.1777,36.2185,4462.4485,0.2008,4.0997,30.045
41.39,32.47,18.57,7.24,-16.45786,-71.80535,La Joya (As agua),La Joya (vinedo),159.8,3.5449,1,bootstrap,Zegarra-Aymara_et_al_2025_UNSA,46.0315,0.2,32.705,5100.1828,0.0905,4.9634,36.8218
61.88,35.53,18.69,7.36,-16.45733,-71.80427,La Joya (As agua),La Joya (vinedo),232.22,4.0782,2,bootstrap,Zegarra-Aymara_et_al_2025_UNSA,42.7152,0.1579,31.9339,5341.9773,0.2138,5.8309,34.5182
38.6,19.13,18.71,7.37,-16.45737,-71.80382,La Joya (As agua),La Joya (vinedo),218.27,3.3978,2,bootstrap,Zegarra-Aymara_et_al_2025_UNSA,34.0105,0.2006,30.3405,5148.0557,0.1825,5.7004,26.2234
53.1,46.47,18.62,7.38,-16.45791,-71.80448,La Joya (As agua),La Joya (vinedo),290.27,3.6523,2,bootstrap,Zegarra-Aymara_et_al_2025_UNSA,35.223,0.1931,31.6499,5167.3221,0.2906,5.3114,38.7643
50.36,29.07,18.63,7.35,-16.45754,-71.80475,La Joya (As agua),La Joya (vinedo),241.33,3.3641,2,bootstrap,Zegarra-Aymara_et_al_2025_UNSA,30.6757,0.1603,33.8539,5063.8638,0.2356,4.7246,40.2248
36.99,27.56,18.64,7.4,-16.45783,-71.80433,La Joya (As agua),La Joya (vinedo),161.07,3.2102,1,bootstrap,Zegarra-Aymara_et_al_2025_UNSA,35.6052,0.1949,31.9057,5023.7495,0.1001,5.7965,41.7028
49.11,42.54,18.51,7.38,-16.4587,-71.80518,La Joya (As agua),La Joya (vinedo),279.54,3.3493,2,bootstrap,Zegarra-Aymara_et_al_2025_UNSA,38.8833,0.2469,31.255,4738.4664,0.2522,5.9367,31.2039
41.04,33.5,18.53,7.37,-16.45833,-71.80524,La Joya (As agua),La Joya (vinedo),215.77,3.5534,2,bootstrap,Zegarra-Aymara_et_al_2025_UNSA,39.2948,0.1942,29.8488,5114.1595,0.179,5.765,33.7318
50.31,28.84,18.7,7.31,-16.45712,-71.80438,La Joya (As agua),La Joya (vinedo),203.47,3.9451,2,bootstrap,Zegarra-Aymara_et_al_2025_UNSA,31.5562,0.1941,30.6742,5094.9737,0.1584,4.4609,39.4327
66.98,52.94,18.69,7.39,-16.45677,-71.80482,La Joya (As agua),La Joya (vinedo),335.61,3.8455,2,bootstrap,Zegarra-Aymara_et_al_2025_UNSA,33.2936,0.2011,32.7664,4856.718,0.3536,4.5843,26.1447
43.51,25.93,18.56,7.37,-16.4577,-71.80557,La Joya (As agua),La Joya (vinedo),149.53,3.6401,1,bootstrap,Zegarra-Aymara_et_al_2025_UNSA,35.0942,0.1536,35.382,5116.6857,0.0965,5.4716,45.1229
41.0,32.47,18.66,7.3,-16.45757,-71.80429,La Joya (As agua),La Joya (vinedo),200.7,3.8068,2,bootstrap,Zegarra-Aymara_et_al_2025_UNSA,34.254,0.2424,33.6107,5434.2024,0.1317,5.4145,37.7565
25.31,33.35,18.69,7.31,-16.45689,-71.80476,La Joya (As agua),La Joya (vinedo),149.09,3.7395,1,bootstrap,Zegarra-Aymara_et_al_2025_UNSA,32.1088,0.1767,33.8283,4497.3704,0.0856,5.3609,34.1774
62.18,32.87,18.63,7.32,-16.45736,-71.80496,La Joya (As agua),La Joya (vinedo),264.21,4.0552,2,bootstrap,Zegarra-Aymara_et_al_2025_UNSA,37.3538,0.2585,35.0074,5078.6952,0.216,5.5316,39.0556
52.94,25.69,18.61,7.43,-16.45772,-71.80484,La Joya (As agua),La Joya (vinedo),306.21,4.3004,2,bootstrap,Zegarra-Aymara_et_al_2025_UNSA,33.9675,0.1743,34.7581,4902.782,0.3167,3.9666,32.8855
48.0,37.08,18.58,7.38,-16.45798,-71.80506,La Joya (As agua),La Joya (vinedo),184.22,4.1578,1,bootstrap,Zegarra-Aymara_et_al_2025_UNSA,34.8632,0.1561,33.8862,5262.3855,0.1432,4.6506,38.7728
55.3,17.95,18.67,7.34,-16.45751,-71.80425,La Joya (As agua),La Joya (vinedo),216.5,3.7415,2,bootstrap,Zegarra-Aymara_et_al_2025_UNSA,35.0072,0.1505,30.3458,5161.4625,0.1994,4.5936,35.9902
52.07,34.56,18.55,7.46,-16.45825,-71.80506,La Joya (As agua),La Joya (vinedo),243.43,3.8506,2,bootstrap,Zegarra-Aymara_et_al_2025_UNSA,39.1051,0.1528,31.3891,5095.3879,0.2362,5.3949,35.6014
45.57,25.46,18.71,7.31,-16.45711,-71.8042,La Joya (As agua),La Joya (vinedo),261.34,2.9145,2,bootstrap,Zegarra-Aymara_et_al_2025_UNSA,40.0873,0.2226,31.6215,4454.5537,0.2399,5.5897,44.0388
58.6,37.22,18.61,7.38,-16.45795,-71.80459,La Joya (As agua),La Joya (vinedo),316.71,3.3704,2,bootstrap,Zegarra-Aymara_et_al_2025_UNSA,44.4743,0.2406,36.6897,4715.3098,0.308,5.4412,38.2798
58.13,32.63,18.7,7.41,-16.45713,-71.80428,La Joya (As agua),La Joya (vinedo),343.62,3.0861,2,bootstrap,Zegarra-Aymara_et_al_2025_UNSA,36.2404,0.1703,31.0124,5438.0705,0.3866,5.8082,37.4837
53.22,34.41,18.62,7.41,-16.4574,-71.80515,La Joya (As agua),La Joya (vinedo),302.34,3.7683,2,bootstrap,Zegarra-Aymara_et_al_2025_UNSA,30.4319,0.1855,33.8326,5470.2127,0.3115,5.1208,37.4563
52.1,29.77,68.71,7.38,-16.22644,-72.44348,Valle del Tambo (As),Majes Tradicion,211.11,4.2214,2,bootstrap,Zegarra-Aymara_et_al_2025_UNSA,37.277,0.3677,19.9272,7929.3105,0.0896,3.4022,43.9218
58.72,35.52,68.69,7.44,-16.22644,-72.44323,Valle del Tambo (As),Majes Tradicion,166.18,5.1603,1,bootstrap,Zegarra-Aymara_et_al_2025_UNSA,39.7439,0.352,21.2021,7874.7641,0.0196,2.7589,37.106
53.21,35.88,68.71,7.4,-16.22621,-72.44324,Valle del Tambo (As),Majes Tradicion,140.91,4.7743,1,bootstrap,Zegarra-Aymara_et_al_2025_UNSA,36.2797,0.3218,22.9951,8362.6507,0.0,1.7825,31.6492
66.53,34.16,68.69,7.29,-16.22596,-72.44279,Valle del Tambo (As),Majes Tradicion,142.57,4.8305,1,bootstrap,Zegarra-Aymara_et_al_2025_UNSA,41.6774,0.3222,23.2335,7754.3019,0.0,2.6956,45.6288
49.27,40.92,68.8,7.51,-16.22495,-72.44338,Valle del Tambo (As),Majes Tradicion,156.02,4.6495,1,bootstrap,Zegarra-Aymara_et_al_2025_UNSA,35.6841,0.367,31.5963,8199.782,0.0,3.3562,38.0242
48.12,40.66,68.73,7.42,-16.22588,-72.44326,Valle del Tambo (As),Majes Tradicion,134.8,4.8085,1,bootstrap,Zegarra-Aymara_et_al_2025_UNSA,36.9156,0.2979,25.6924,7690.6732,0.0,2.8322,39.9189
50.47,34.36,68.72,7.39,-16.22657,-72.4436,Valle del Tambo (As),Majes Tradicion,142.09,4.6668,1,bootstrap,Zegarra-Aymara_et_al_2025_UNSA,36.3034,0.3258,25.8281,7980.8758,0.0,1.8631,39.5096
42.01,28.61,68.73,7.47,-16.22591,-72.44329,Valle del Tambo (As),Majes Tradicion,137.5,4.2729,1,bootstrap,Zegarra-Aymara_et_al_2025_UNSA,30.2244,0.3232,24.805,8309.1019,0.0,1.5861,32.32
68.24,34.94,68.73,7.4,-16.2261,-72.44338,Valle del Tambo (As),Majes Tradicion,169.11,5.0723,1,bootstrap,Zegarra-Aymara_et_al_2025_UNSA,32.3025,0.3301,25.2514,7536.9322,0.0351,2.9143,38.9354
62.63,38.56,68.82,7.36,-16.22487,-72.44351,Valle del Tambo (As),Majes Tradicion,144.27,4.7099,1,bootstrap,Zegarra-Aymara_et_al_2025_UNSA,30.6255,0.3334,25.059,8117.6651,0.0,3.3656,44.4814
49.65,32.92,68.87,7.4,-16.22522,-72.44434,Valle del Tambo (As),Majes Tradicion,143.87,4.3632,1,bootstrap,Zegarra-Aymara_et_al_2025_UNSA,35.6346,0.3389,23.7355,8486.06,0.0,3.073,38.5749
59.91,45.41,68.71,7.5,-16.22568,-72.44282,Valle del Tambo (As),Majes Tradicion,193.74,4.7986,2,bootstrap,Zegarra-Aymara_et_al_2025_UNSA,37.6052,0.3215,23.9195,8224.4984,0.0779,2.9699,43.3292
50.82,24.26,68.77,7.44,-16.22576,-72.44358,Valle del Tambo (As),Majes Tradicion,138.35,3.5997,1,bootstrap,Zegarra-Aymara_et_al_2025_UNSA,36.7393,0.2465,20.0759,8088.8361,0.043,2.2692,36.5356
62.18,37.86,68.81,7.44,-16.22478,-72.4434,Valle del Tambo (As),Majes Tradicion,145.94,5.2822,1,bootstrap,Zegarra-Aymara_et_al_2025_UNSA,35.684,0.3259,23.8681,7953.4909,0.0,2.7315,36.4077
43.8,38.16,68.74,7.43,-16.22604,-72.44345,Valle del Tambo (As),Majes Tradicion,143.21,4.9122,1,bootstrap,Zegarra-Aymara_et_al_2025_UNSA,30.9462,0.3248,26.722,7848.8741,0.0,3.0883,41.5313
51.89,37.56,68.75,7.45,-16.22553,-72.44321,Valle del Tambo (As),Majes Tradicion,234.0,4.1644,2,bootstrap,Zegarra-Aymara_et_al_2025_UNSA,36.5221,0.3469,22.9914,8205.1333,0.1331,3.7771,45.1499
52.86,42.02,68.76,7.43,-16.22552,-72.44334,Valle del Tambo (As),Majes Tradicion,146.59,4.9888,1,bootstrap,Zegarra-Aymara_et_al_2025_UNSA,34.8866,0.3341,23.152,8139.4169,0.0003,3.0355,42.4098
52.54,35.53,68.81,7.49,-16.22571,-72.44402,Valle del Tambo (As),Majes Tradicion,138.97,4.4987,1,bootstrap,Zegarra-Aymara_et_al_2025_UNSA,28.2002,0.3246,21.7265,7977.8685,0.0,2.6902,42.1957
59.05,34.44,68.73,7.31,-16.2257,-72.44309,Valle del Tambo (As),Majes Tradicion,220.69,4.5492,2,bootstrap,Zegarra-Aymara_et_al_2025_UNSA,25.9999,0.3571,24.1151,8253.7243,0.1069,2.9654,37.4355
51.93,40.9,68.7,7.39,-16.2259,-72.44291,Valle del Tambo (As),Majes Tradicion,151.24,4.9821,1,bootstrap,Zegarra-Aymara_et_al_2025_UNSA,37.9733,0.3274,26.4147,8157.3719,0.0092,2.4732,35.9104
56.97,35.39,68.69,7.36,-16.22638,-72.44318,Valle del Tambo (As),Majes Tradicion,181.64,4.6085,1,bootstrap,Zegarra-Aymara_et_al_2025_UNSA,35.5944,0.4294,20.8893,8372.1584,0.0135,3.0717,40.065
48.09,23.74,68.81,7.48,-16.22517,-72.44363,Valle del Tambo (As),Majes Tradicion,139.88,4.4456,1,bootstrap,Zegarra-Aymara_et_al_2025_UNSA,34.8825,0.3238,25.1953,8364.6915,0.0,2.7616,34.8249
55.97,31.52,68.7,7.49,-16.22636,-72.44329,Valle del Tambo (As),Majes Tradicion,197.08,5.7234,2,bootstrap,Zegarra-Aymara_et_al_2025_UNSA,32.6772,0.3991,24.6988,7921.3785,0.0389,2.8936,40.0312
62.25,44.9,68.66,7.41,-16.22667,-72.44307,Valle del Tambo (As),Majes Tradicion,230.94,4.4634,2,bootstrap,Zegarra-Aymara_et_al_2025_UNSA,35.1706,0.3798,24.5499,7781.1935,0.1104,3.6674,41.6639
57.93,33.72,68.75,7.45,-16.22533,-72.44309,Valle del Tambo (As),Majes Tradicion,236.09,4.8763,2,bootstrap,Zegarra-Aymara_et_al_2025_UNSA,30.5372,0.377,20.9398,7742.7197,0.1173,3.2905,45.8834
55.08,36.51,68.73,7.42,-16.22602,-72.44335,Valle del Tambo (As),Majes Tradicion,156.66,5.1035,1,bootstrap,Zegarra-Aymara_et_al_2025_UNSA,33.6213,0.3666,21.8027,8088.4331,0.0003,2.4796,38.5597
44.82,29.05,68.8,7.41,-16.22501,-72.44345,Valle del Tambo (As),Majes Tradicion,142.98,3.9079,1,bootstrap,Zegarra-Aymara_et_al_2025_UNSA,31.3883,0.3481,22.5142,8347.0802,0.0,3.5191,39.8242
46.42,35.77,68.67,7.3,-16.2259,-72.44254,Valle del Tambo (As),Majes Tradicion,146.63,3.9434,1,bootstrap,Zegarra-Aymara_et_al_2025_UNSA,32.8591,0.3564,25.7477,8094.7563,0.0,3.3817,43.9403
43.37,30.44,68.77,7.45,-16.22576,-72.44368,Valle del Tambo (As),Majes Tradicion,163.79,4.7249,1,bootstrap,Zegarra-Aymara_et_al_2025_UNSA,35.1406,0.4002,18.3665,7569.6891,0.0,2.6767,38.4799
45.12,34.74,68.61,7.51,-16.22633,-72.44217,Valle del Tambo (As),Majes Tradicion,138.44,4.5317,1,bootstrap,Zegarra-Aymara_et_al_2025_UNSA,33.6116,0.3215,19.6419,7930.9224,0.0,2.8187,32.7611
55.35,47.3,68.74,7.35,-16.22572,-72.44319,Valle del Tambo (As),Majes Tradicion,158.76,5.0002,1,bootstrap,Zegarra-Aymara_et_al_2025_UNSA,31.7821,0.375,24.101,7581.1572,0.0,3.0483,42.1671
58.61,37.0,68.79,7.46,-16.2254,-72.44353,Valle del Tambo (As),Majes Tradicion,145.18,5.3995,1,bootstrap,Zegarra-Aymara_et_al_2025_UNSA,43.3494,0.3192,21.9486,8375.7419,0.0,2.1875,37.4957
40.0,22.4,68.75,7.38,-16.22623,-72.44374,Valle del Tambo (As),Majes Tradicion,153.22,4.3586,1,bootstrap,Zegarra-Aymara_et_al_2025_UNSA,44.695,0.3649,26.2099,7827.5632,0.0,2.4981,28.2922
58.71,40.39,68.72,7.49,-16.22702,-72.444,Valle del Tambo (As),Majes Tradicion,187.46,4.6676,1,bootstrap,Zegarra-Aymara_et_al_2025_UNSA,40.5425,0.3683,25.965,7713.2009,0.0472,3.2336,37.1112
47.92,47.19,68.77,7.36,-16.22617,-72.44396,Valle del Tambo (As),Majes Tradicion,181.72,4.716,1,bootstrap,Zegarra-Aymara_et_al_2025_UNSA,36.5052,0.3322,24.1885,8121.8181,0.0556,3.6535,44.9892
51.45,34.47,68.68,7.42,-16.22617,-72.44288,Valle del Tambo (As),Majes Tradicion,237.81,4.5315,2,bootstrap,Zegarra-Aymara_et_al_2025_UNSA,27.5608,0.3509,20.4614,8231.999,0.1365,2.4556,40.8454
55.65,38.15,68.77,7.51,-16.22551,-72.44342,Valle del Tambo (As),Majes Tradicion,151.79,4.5056,1,bootstrap,Zegarra-Aymara_et_al_2025_UNSA,39.3222,0.3589,25.9961,7839.2043,0.0,2.8031,36.0088
65.27,25.5,68.69,7.49,-16.2256,-72.44263,Valle del Tambo (As),Majes Tradicion,242.02,4.5453,2,bootstrap,Zegarra-Aymara_et_al_2025_UNSA,36.6981,0.3373,24.1809,7796.8296,0.1458,3.0475,38.6354
39.41,38.19,68.64,7.42,-16.22691,-72.443,Valle del Tambo (As),Majes Tradicion,161.93,4.7767,1,bootstrap,Zegarra-Aymara_et_al_2025_UNSA,29.5774,0.3553,28.8342,8192.2602,0.0153,2.6381,37.8851
44.05,41.65,68.84,7.39,-16.22548,-72.44419,Valle del Tambo (As),Majes Tradicion,192.39,4.2557,2,bootstrap,Zegarra-Aymara_et_al_2025_UNSA,31.0902,0.3576,19.2277,8133.9629,0.0678,2.7339,29.019
64.36,33.32,68.67,7.36,-16.22729,-72.44357,Valle del Tambo (As),Majes Tradicion,156.77,4.9817,1,bootstrap,Zegarra-Aymara_et_al_2025_UNSA,32.3063,0.3681,25.4548,8473.2999,0.0,3.0538,33.2505
62.61,39.82,68.72,7.34,-16.22618,-72.44341,Valle del Tambo (As),Majes Tradicion,198.48,4.7686,2,bootstrap,Zegarra-Aymara_et_al_2025_UNSA,39.1887,0.3648,20.3921,7928.9982,0.0668,1.9042,34.9942
72.97,40.41,68.67,7.44,-16.22569,-72.44247,Valle del Tambo (As),Majes Tradicion,178.23,4.9274,1,bootstrap,Zegarra-Aymara_et_al_2025_UNSA,46.493,0.3496,22.251,8082.1791,0.0395,2.5934,35.1743
49.92,34.01,68.68,7.41,-16.22627,-72.44294,Valle del Tambo (As),Majes Tradicion,167.12,4.5904,1,bootstrap,Zegarra-Aymara_et_al_2025_UNSA,37.4909,0.3172,24.9547,8494.6076,0.042,2.6701,37.4068
66.57,43.74,68.69,7.33,-16.22609,-72.44294,Valle del Tambo (As),Majes Tradicion,230.84,5.0029,2,bootstrap,Zegarra-Aymara_et_al_2025_UNSA,33.5441,0.3673,21.4776,8332.3408,0.1121,3.3514,33.1243
42.81,37.76,68.69,7.44,-16.2267,-72.44341,Valle del Tambo (As),Majes Tradicion,156.01,4.8897,1,bootstrap,Zegarra-Aymara_et_al_2025_UNSA,35.8777,0.3647,27.589,8303.8496,0.0,2.7001,38.8622
48.78,37.01,68.83,7.44,-16.22528,-72.44394,Valle del Tambo (As),Majes Tradicion,162.17,4.3451,1,bootstrap,Zegarra-Aymara_et_al_2025_UNSA,32.3197,0.4003,22.851,8091.7364,0.0,3.8118,42.1233
51.1,49.82,68.64,7.4,-16.2266,-72.44281,Valle del Tambo (As),Majes Tradicion,184.57,4.6085,1,bootstrap,Zegarra-Aymara_et_al_2025_UNSA,33.075,0.3386,25.7585,8034.4453,0.0587,2.8575,41.7431
59.97,34.72,68.64,7.49,-16.22668,-72.44277,Valle del Tambo (As),Majes Tradicion,159.96,4.3687,1,bootstrap,Zegarra-Aymara_et_al_2025_UNSA,44.4757,0.3859,26.4082,7971.1618,0.0,2.7552,41.2218
52.01,19.47,68.68,7.47,-16.22636,-72.44299,Valle del Tambo (As),Majes Tradicion,150.34,4.9262,1,bootstrap,Zegarra-Aymara_et_al_2025_UNSA,38.2586,0.3479,21.9429,7722.2827,0.0,2.9828,39.2073
59.25,41.27,68.65,7.39,-16.22652,-72.44284,Valle del Tambo (As),Majes Tradicion,304.2,4.8174,2,bootstrap,Zegarra-Aymara_et_al_2025_UNSA,29.308,0.3992,23.7875,8043.9242,0.2093,3.6354,38.2591
52.88,42.69,68.76,7.4,-16.22565,-72.44345,Valle del Tambo (As),Majes Tradicion,197.47,5.2269,2,bootstrap,Zegarra-Aymara_et_al_2025_UNSA,34.6565,0.425,24.3392,8459.1629,0.0322,3.3531,36.4824
45.37,43.56,68.77,7.36,-16.22541,-72.44338,Valle del Tambo (As),Majes Tradicion,130.59,4.1807,1,bootstrap,Zegarra-Aymara_et_al_2025_UNSA,29.1553,0.303,24.3833,8275.8047,0.0,1.7092,38.7513
56.86,37.89,68.71,7.51,-16.22663,-72.4436,Valle del Tambo (As),Majes Tradicion,153.88,4.8505,1,bootstrap,Zegarra-Aymara_et_al_2025_UNSA,37.4953,0.3594,24.9014,8179.3222,0.0,3.3098,33.7267
46.26,41.93,68.72,7.39,-16.22621,-72.44341,Valle del Tambo (As),Majes Tradicion,180.91,4.2875,1,bootstrap,Zegarra-Aymara_et_al_2025_UNSA,33.6534,0.3229,24.8846,7644.0013,0.0641,2.2594,37.1552
36.07,33.22,68.76,7.44,-16.22573,-72.44351,Valle del Tambo (As),Majes Tradicion,197.28,3.9043,2,bootstrap,Zegarra-Aymara_et_al_2025_UNSA,34.9543,0.4159,24.437,7982.2395,0.0493,3.3188,31.0728
42.6,16.21,68.66,7.4,-16.22626,-72.44274,Valle del Tambo (As),Majes Tradicion,120.58,3.9682,1,bootstrap,Zegarra-Aymara_et_al_2025_UNSA,29.822,0.2735,23.5758,7911.0657,0.0,3.4122,44.6557
55.41,43.8,68.74,7.44,-16.22559,-72.44312,Valle del Tambo (As),Majes Tradicion,170.96,5.0471,1,bootstrap,Zegarra-Aymara_et_al_2025_UNSA,30.2544,0.4163,21.8713,8171.4392,0.0,2.3876,46.0066
48.78,26.23,68.75,7.49,-16.22578,-72.44345,Valle del Tambo (As),Majes Tradicion,142.4,4.5964,1,bootstrap,Zegarra-Aymara_et_al_2025_UNSA,27.6737,0.3319,25.4213,8073.2129,0.0,2.4926,37.0897
47.46,38.54,68.75,7.46,-16.22621,-72.44376,Valle del Tambo (As),Majes Tradicion,149.43,4.9834,1,bootstrap,Zegarra-Aymara_et_al_2025_UNSA,34.5241,0.3442,24.4548,7736.6171,0.0,2.3825,36.864
57.82,44.57,43.09,7.36,-16.33064,-72.22369,Valle del Tambo (As),CIEPA-Majes,154.13,4.9346,1,bootstrap,Zegarra-Aymara_et_al_2025_UNSA,31.7749,0.2026,19.912,5771.1845,0.0746,3.4247,14.6787
51.47,31.09,42.97,7.32,-16.33108,-72.22262,Valle del Tambo (As),CIEPA-Majes,103.65,4.9718,1,bootstrap,Zegarra-Aymara_et_al_2025_UNSA,23.5524,0.1327,25.5435,5848.2169,0.031,2.1929,18.0966
69.79,44.01,42.99,7.38,-16.33081,-72.22267,Valle del Tambo (As),CIEPA-Majes,220.85,5.1043,2,bootstrap,Zegarra-Aymara_et_al_2025_UNSA,36.9548,0.171,23.1989,6436.298,0.1858,2.1749,22.7615
60.42,34.86,43.01,7.34,-16.3309,-72.22301,Valle del Tambo (As),CIEPA-Majes,185.94,5.1226,1,bootstrap,Zegarra-Aymara_et_al_2025_UNSA,29.2866,0.2017,23.5127,5933.4495,0.1199,4.3863,16.5368
52.49,40.41,43.02,7.4,-16.33071,-72.22288,Valle del Tambo (As),CIEPA-Majes,188.42,5.4509,1,bootstrap,Zegarra-Aymara_et_al_2025_UNSA,31.1502,0.237,17.8189,6563.4186,0.1058,3.4497,18.9045
40.86,34.78,42.99,7.41,-16.33101,-72.22276,Valle del Tambo (As),CIEPA-Majes,179.61,4.3629,1,bootstrap,Zegarra-Aymara_et_al_2025_UNSA,34.4243,0.2032,22.8491,5713.2213,0.1173,1.6688,26.8447
41.04,40.46,42.95,7.35,-16.33106,-72.22232,Valle del Tambo (As),CIEPA-Majes,149.11,4.7592,1,bootstrap,Zegarra-Aymara_et_al_2025_UNSA,28.2213,0.2412,24.5883,6014.6606,0.0507,2.1007,25.74
55.87,28.63,42.91,7.3,-16.33094,-72.22171,Valle del Tambo (As),CIEPA-Majes,165.01,4.978,1,bootstrap,Zegarra-Aymara_et_al_2025_UNSA,37.8788,0.2387,21.6919,6183.9458,0.0722,3.0438,21.1196
55.89,27.72,42.98,7.35,-16.33093,-72.22267,Valle del Tambo (As),CIEPA-Majes,104.94,4.4184,1,bootstrap,Zegarra-Aymara_et_al_2025_UNSA,34.4859,0.2139,21.6219,6043.8273,0.0,2.377,21.8033
50.1,50.2,43.04,7.37,-16.33068,-72.22317,Valle del Tambo (As),CIEPA-Majes,115.96,4.9637,1,bootstrap,Zegarra-Aymara_et_al_2025_UNSA,34.0021,0.187,19.6326,5737.9828,0.0241,2.263,25.8324
50.2,31.01,42.93,7.3,-16.33187,-72.2228,Valle del Tambo (As),CIEPA-Majes,104.05,4.8334,1,bootstrap,Zegarra-Aymara_et_al_2025_UNSA,30.9365,0.1332,23.8845,6650.1874,0.0312,3.0325,28.4449
44.41,44.37,42.89,7.35,-16.33214,-72.22258,Valle del Tambo (As),CIEPA-Majes,97.55,4.6413,1,bootstrap,Zegarra-Aymara_et_al_2025_UNSA,30.8744,0.1855,22.0862,6290.1171,0.0,3.4341,18.1488
59.78,27.75,43.04,7.31,-16.33044,-72.22285,Valle del Tambo (As),CIEPA-Majes,139.49,4.8202,1,bootstrap,Zegarra-Aymara_et_al_2025_UNSA,30.651,0.2041,23.1145,6113.1878,0.0527,2.1646,21.8938
48.71,40.43,43.02,7.37,-16.33109,-72.22331,Valle del Tambo (As),CIEPA-Majes,110.91,4.8722,1,bootstrap,Zegarra-Aymara_et_al_2025_UNSA,36.5343,0.2182,20.2453,6308.15,0.0023,2.6057,25.4227
46.08,30.84,42.99,7.33,-16.33139,-72.22321,Valle del Tambo (As),CIEPA-Majes,111.29,4.8067,1,bootstrap,Zegarra-Aymara_et_al_2025_UNSA,34.9496,0.2219,27.3464,6751.4748,0.0,2.9359,19.0901
59.23,36.3,43.0,7.35,-16.33153,-72.22343,Valle del Tambo (As),CIEPA-Majes,148.15,4.5658,1,bootstrap,Zegarra-Aymara_et_al_2025_UNSA,33.8725,0.1755,29.9305,5996.4005,0.0785,2.2394,31.3399
47.79,41.8,42.94,7.3,-16.33167,-72.22279,Valle del Tambo (As),CIEPA-Majes,198.8,5.5571,2,bootstrap,Zegarra-Aymara_et_al_2025_UNSA,33.7345,0.2059,17.6025,5848.6554,0.1339,3.5186,28.803
54.33,39.51,43.1,7.36,-16.33049,-72.22373,Valle del Tambo (As),CIEPA-Majes,127.89,5.1173,1,bootstrap,Zegarra-Aymara_et_al_2025_UNSA,29.0838,0.1474,22.5626,6030.8573,0.0587,2.6126,22.2062
45.87,31.59,43.0,7.36,-16.33115,-72.2231,Valle del Tambo (As),CIEPA-Majes,100.85,4.3053,1,bootstrap,Zegarra-Aymara_et_al_2025_UNSA,32.3428,0.203,23.4213,6388.5459,0.0,1.8933,25.2527
63.46,48.25,42.95,7.41,-16.33123,-72.22257,Valle del Tambo (As),CIEPA-Majes,174.2,5.1951,1,bootstrap,Zegarra-Aymara_et_al_2025_UNSA,29.2511,0.1398,25.1357,6461.0241,0.13,2.4514,26.9526
50.9,35.21,42.98,7.4,-16.33144,-72.22301,Valle del Tambo (As),CIEPA-Majes,170.36,5.0372,1,bootstrap,Zegarra-Aymara_et_al_2025_UNSA,25.6624,0.2154,24.6879,6146.1773,0.0918,2.7681,30.3717
51.42,40.09,42.96,7.29,-16.33099,-72.22246,Valle del Tambo (As),CIEPA-Majes,188.55,4.5312,1,bootstrap,Zegarra-Aymara_et_al_2025_UNSA,21.8059,0.204,20.7,6014.9604,0.1315,2.5728,25.0719
61.86,40.06,43.04,7.35,-16.33076,-72.22325,Valle del Tambo (As),CIEPA-Majes,228.7,5.4022,2,bootstrap,Zegarra-Aymara_et_al_2025_UNSA,31.9922,0.1611,24.8687,5820.5536,0.1991,3.4223,25.321
62.96,25.92,43.04,7.37,-16.33066,-72.22309,Valle del Tambo (As),CIEPA-Majes,101.34,5.3386,1,bootstrap,Zegarra-Aymara_et_al_2025_UNSA,27.99,0.1845,20.5212,5826.1459,0.0,3.2722,31.7769
47.83,29.1,42.97,7.34,-16.33064,-72.22219,Valle del Tambo (As),CIEPA-Majes,106.74,5.0535,1,bootstrap,Zegarra-Aymara_et_al_2025_UNSA,21.9309,0.211,20.8286,6177.1886,0.0,3.1769,28.4432
58.25,29.39,42.93,7.33,-16.33208,-72.22303,Valle del Tambo (As),CIEPA-Majes,209.67,4.4421,2,bootstrap,Zegarra-Aymara_et_al_2025_UNSA,32.2421,0.1895,20.8,5967.7452,0.1684,3.2075,23.5364
68.02,39.47,42.99,7.34,-16.33098,-72.22283,Valle del Tambo (As),CIEPA-Majes,230.08,5.1771,2,bootstrap,Zegarra-Aymara_et_al_2025_UNSA,27.074,0.2183,24.6249,5311.6547,0.1791,1.3457,21.4708
33.87,28.13,42.99,7.41,-16.33173,-72.22345,Valle del Tambo (As),CIEPA-Majes,100.51,4.305,1,bootstrap,Zegarra-Aymara_et_al_2025_UNSA,35.0745,0.2013,20.5259,5959.8189,0.0,3.3418,27.2018
37.55,33.27,42.91,7.29,-16.33143,-72.22225,Valle del Tambo (As),CIEPA-Majes,98.42,5.6096,1,bootstrap,Zegarra-Aymara_et_al_2025_UNSA,30.2045,0.1681,21.7364,5899.1404,0.0,2.9484,18.8704
56.92,26.71,42.96,7.31,-16.3319,-72.22328,Valle del Tambo (As),CIEPA-Majes,113.85,4.6937,1,bootstrap,Zegarra-Aymara_et_al_2025_UNSA,38.728,0.2047,23.9046,5628.4442,0.0131,3.0098,19.7348
60.02,35.32,43.01,7.37,-16.33114,-72.22319,Valle del Tambo (As),CIEPA-Majes,163.56,4.779,1,bootstrap,Zegarra-Aymara_et_al_2025_UNSA,29.209,0.1959,21.6022,6256.4606,0.0935,2.8548,22.2596
52.04,33.33,42.98,7.44,-16.33115,-72.22285,Valle del Tambo (As),CIEPA-Majes,162.69,4.5201,1,bootstrap,Zegarra-Aymara_et_al_2025_UNSA,33.5697,0.1462,23.8386,6559.1505,0.116,2.987,21.7071
56.07,37.75,42.98,7.37,-16.33139,-72.22304,Valle del Tambo (As),CIEPA-Majes,152.91,4.7321,1,bootstrap,Zegarra-Aymara_et_al_2025_UNSA,26.9657,0.1622,24.2462,6273.1863,0.0928,3.3922,24.4624
67.11,43.63,43.02,7.47,-16.33105,-72.22317,Valle del Tambo (As),CIEPA-Majes,223.42,4.8488,2,bootstrap,Zegarra-Aymara_et_al_2025_UNSA,27.554,0.216,23.9199,5731.6394,0.173,2.852,19.3675
52.88,40.39,42.88,7.39,-16.33163,-72.22201,Valle del Tambo (As),CIEPA-Majes,190.81,5.0122,2,bootstrap,Zegarra-Aymara_et_al_2025_UNSA,37.007,0.2078,23.262,5938.3847,0.1244,3.1431,24.1514
55.26,41.17,43.05,7.29,-16.33103,-72.22357,Valle del Tambo (As),CIEPA-Majes,125.6,5.2251,1,bootstrap,Zegarra-Aymara_et_al_2025_UNSA,19.4421,0.2092,22.2045,6485.0501,0.0276,3.2363,22.4021
57.22,36.84,42.94,7.31,-16.33123,-72.2224,Valle del Tambo (As),CIEPA-Majes,113.64,5.125,1,bootstrap,Zegarra-Aymara_et_al_2025_UNSA,34.2099,0.2228,27.8316,5909.7429,0.0,2.3929,26.8959
43.6,46.55,42.93,7.3,-16.33156,-72.22252,Valle del Tambo (As),CIEPA-Majes,113.48,5.4448,1,bootstrap,Zegarra-Aymara_et_al_2025_UNSA,42.3167,0.214,24.6983,5984.8828,0.0,2.5926,19.4442
52.44,36.95,42.99,7.34,-16.33086,-72.22271,Valle del Tambo (As),CIEPA-Majes,132.77,4.952,1,bootstrap,Zegarra-Aymara_et_al_2025_UNSA,34.3855,0.202,24.5751,6067.3196,0.0412,2.1825,15.6836
48.09,29.81,42.95,7.36,-16.33164,-72.22292,Valle del Tambo (As),CIEPA-Majes,161.3,4.2183,1,bootstrap,Zegarra-Aymara_et_al_2025_UNSA,26.5096,0.2152,24.2376,5801.3745,0.0863,3.4214,27.3916
70.72,42.23,42.96,7.37,-16.33131,-72.22267,Valle del Tambo (As),CIEPA-Majes,214.77,5.2489,2,bootstrap,Zegarra-Aymara_et_al_2025_UNSA,30.8966,0.2276,23.5503,6339.6581,0.1504,2.4897,16.4044
63.0,39.51,42.96,7.4,-16.33186,-72.22326,Valle del Tambo (As),CIEPA-Majes,177.69,4.9125,1,bootstrap,Zegarra-Aymara_et_al_2025_UNSA,28.1985,0.245,20.8669,5900.1028,0.091,3.0991,26.1985
55.07,49.45,43.03,7.36,-16.33076,-72.22303,Valle del Tambo (As),CIEPA-Majes,113.28,5.0558,1,bootstrap,Zegarra-Aymara_et_al_2025_UNSA,31.2453,0.2262,24.6326,6134.0291,0.0,2.9345,23.9699
57.02,44.54,42.96,7.41,-16.33126,-72.22269,Valle del Tambo (As),CIEPA-Majes,130.75,5.0523,1,bootstrap,Zegarra-Aymara_et_al_2025_UNSA,40.1396,0.1917,24.0896,5899.9216,0.0404,3.027,27.6858
59.58,31.67,43.01,7.5,-16.33105,-72.22307,Valle del Tambo (As),CIEPA-Majes,125.44,5.1619,1,bootstrap,Zegarra-Aymara_et_al_2025_UNSA,27.3294,0.1822,21.1127,6381.8353,0.0392,2.965,23.8191
57.87,43.63,42.95,7.39,-16.33154,-72.22279,Valle del Tambo (As),CIEPA-Majes,111.97,5.139,1,bootstrap,Zegarra-Aymara_et_al_2025_UNSA,26.9524,0.2233,21.5799,5976.9187,0.0,3.5636,26.781
57.97,40.33,43.17,7.32,-16.32959,-72.22375,Valle del Tambo (As),CIEPA-Majes,161.63,4.788,1,bootstrap,Zegarra-Aymara_et_al_2025_UNSA,26.7791,0.1707,22.6238,5783.8991,0.1022,2.9264,26.1334
51.45,25.3,42.9,7.37,-16.33119,-72.22184,Valle del Tambo (As),CIEPA-Majes,104.59,4.3269,1,bootstrap,Zegarra-Aymara_et_al_2025_UNSA,26.144,0.1508,23.3687,6087.9247,0.0298,3.9256,26.4222
51.35,37.91,42.96,7.37,-16.3315,-72.22288,Valle del Tambo (As),CIEPA-Majes,116.49,4.3292,1,bootstrap,Zegarra-Aymara_et_al_2025_UNSA,29.5885,0.2034,22.8224,5895.8715,0.0234,2.8098,24.4749
63.31,42.51,43.01,7.38,-16.33115,-72.22313,Valle del Tambo (As),CIEPA-Majes,269.12,5.242,2,bootstrap,Zegarra-Aymara_et_al_2025_UNSA,28.5247,0.2267,25.63,6480.4513,0.232,2.4581,24.1481
55.28,38.84,43.03,7.36,-16.33132,-72.22364,Valle del Tambo (As),CIEPA-Majes,153.14,4.7317,1,bootstrap,Zegarra-Aymara_et_al_2025_UNSA,30.7043,0.1792,20.7438,6186.8147,0.0856,3.1954,33.3789
41.73,40.25,43.01,7.44,-16.33154,-72.22354,Valle del Tambo (As),CIEPA-Majes,132.07,4.6743,1,bootstrap,Zegarra-Aymara_et_al_2025_UNSA,25.9699,0.2018,23.116,5871.1239,0.0446,3.527,20.6635
48.14,40.15,43.04,7.28,-16.33075,-72.22321,Valle del Tambo (As),CIEPA-Majes,202.15,4.7405,2,bootstrap,Zegarra-Aymara_et_al_2025_UNSA,30.1148,0.238,20.892,6098.2788,0.1328,1.6856,28.4826
37.13,30.82,42.96,7.39,-16.33088,-72.22236,Valle del Tambo (As),CIEPA-Majes,195.84,4.1364,2,bootstrap,Zegarra-Aymara_et_al_2025_UNSA,27.0558,0.2071,22.8698,6254.3825,0.143,3.2103,23.1783
52.64,41.99,43.06,7.39,-16.33079,-72.22345,Valle del Tambo (As),CIEPA-Majes,94.15,5.3521,0,bootstrap,Zegarra-Aymara_et_al_2025_UNSA,30.8756,0.1111,20.3245,6645.5447,0.0228,1.8881,29.3388
69.2,47.08,42.99,7.38,-16.33086,-72.22267,Valle del Tambo (As),CIEPA-Majes,233.32,5.2741,2,bootstrap,Zegarra-Aymara_et_al_2025_UNSA,39.8864,0.2321,19.6142,6245.7879,0.1747,3.5134,22.2759
55.86,45.44,43.12,7.33,-16.32971,-72.22328,Valle del Tambo (As),CIEPA-Majes,165.24,4.9027,1,bootstrap,Zegarra-Aymara_et_al_2025_UNSA,28.29,0.1763,16.8357,6001.034,0.1052,2.6485,32.3144
61.11,46.98,42.97,7.37,-16.33087,-72.22249,Valle del Tambo (As),CIEPA-Majes,186.23,5.5225,1,bootstrap,Zegarra-Aymara_et_al_2025_UNSA,30.5784,0.2179,24.1889,6041.6931,0.1084,4.0395,22.9398
53.83,33.51,43.04,7.24,-16.33043,-72.22289,Valle del Tambo (As),CIEPA-Majes,118.97,5.2072,1,bootstrap,Zegarra-Aymara_et_al_2025_UNSA,21.0444,0.2471,23.7263,6399.3595,0.0,2.1082,25.1972
55.26,34.07,42.89,7.4,-16.33096,-72.22152,Valle del Tambo (As),CIEPA-Majes,158.81,5.4043,1,bootstrap,Zegarra-Aymara_et_al_2025_UNSA,33.8801,0.2474,22.8813,5551.1428,0.055,3.314,19.9673
61.1,43.01,2.0,7.61,-16.56975,-71.92903,La Joya (As agua),San Isidro,140.21,4.485,1,bootstrap,Zegarra-Aymara_et_al_2025_UNSA,20.2869,0.2069,27.2348,4686.1851,0.0555,4.6252,37.0914
57.76,49.28,1.92,7.6,-16.571,-71.92958,La Joya (As agua),San Isidro,192.69,5.1918,2,bootstrap,Zegarra-Aymara_et_al_2025_UNSA,26.6446,0.2346,29.1087,5048.0955,0.113,3.8987,30.9386
38.37,18.56,2.02,7.61,-16.57068,-71.93062,La Joya (As agua),San Isidro,97.7,3.9964,1,bootstrap,Zegarra-Aymara_et_al_2025_UNSA,20.6216,0.1984,29.3768,5512.8376,0.0,4.1963,34.8592
32.51,27.65,1.95,7.58,-16.57017,-71.92884,La Joya (As agua),San Isidro,80.73,3.5295,0,bootstrap,Zegarra-Aymara_et_al_2025_UNSA,23.401,0.1512,30.7457,5046.9113,0.0,4.2346,31.173
52.81,17.35,1.9,7.59,-16.57072,-71.92891,La Joya (As agua),San Isidro,83.02,3.9969,0,bootstrap,Zegarra-Aymara_et_al_2025_UNSA,16.8147,0.1516,30.7032,5194.891,0.0,4.1868,28.1226
44.21,35.61,1.85,7.65,-16.57122,-71.92885,La Joya (As agua),San Isidro,114.03,3.9794,1,bootstrap,Zegarra-Aymara_et_al_2025_UNSA,17.7946,0.2195,24.5513,4776.5065,0.0167,5.2504,30.1001
55.58,42.13,2.07,7.58,-16.56945,-71.92969,La Joya (As agua),San Isidro,126.21,4.9292,1,bootstrap,Zegarra-Aymara_et_al_2025_UNSA,14.065,0.2318,27.627,5321.8166,0.0202,3.9714,27.7738
38.54,25.51,1.95,7.61,-16.57056,-71.92936,La Joya (As agua),San Isidro,107.77,3.8955,1,bootstrap,Zegarra-Aymara_et_al_2025_UNSA,23.5423,0.2256,36.1385,5188.9159,0.0008,4.8522,35.4332
37.04,25.95,2.0,7.56,-16.57023,-71.92981,La Joya (As agua),San Isidro,94.51,4.2881,0,bootstrap,Zegarra-Aymara_et_al_2025_UNSA,24.616,0.1829,25.6904,4761.1209,0.0,3.7903,31.2949
37.27,35.87,1.93,7.65,-16.57089,-71.92962,La Joya (As agua),San Isidro,160.49,4.4999,1,bootstrap,Zegarra-Aymara_et_al_2025_UNSA,20.5106,0.1872,29.0019,5384.3752,0.0946,3.9971,32.107
44.12,34.16,2.0,7.67,-16.57012,-71.92954,La Joya (As agua),San Isidro,132.53,3.9289,1,bootstrap,Zegarra-Aymara_et_al_2025_UNSA,21.3541,0.1999,29.7843,5261.6127,0.0516,4.8925,37.8074
62.78,40.57,1.9,7.54,-16.57085,-71.92902,La Joya (As agua),San Isidro,204.11,4.6585,2,bootstrap,Zegarra-Aymara_et_al_2025_UNSA,29.7056,0.1973,24.8675,5141.1601,0.1529,4.7421,33.0099
45.01,32.94,1.98,7.66,-16.56989,-71.92894,La Joya (As agua),San Isidro,139.73,4.3878,1,bootstrap,Zegarra-Aymara_et_al_2025_UNSA,24.236,0.1918,28.6066,5767.3294,0.0615,4.8705,32.4779
56.25,29.3,2.0,7.49,-16.56978,-71.92912,La Joya (As agua),San Isidro,166.93,4.1754,1,bootstrap,Zegarra-Aymara_et_al_2025_UNSA,27.9108,0.1946,25.7889,5819.0597,0.1034,4.4243,30.3735
53.32,31.93,1.99,7.59,-16.56993,-71.92913,La Joya (As agua),San Isidro,174.76,4.3088,1,bootstrap,Zegarra-Aymara_et_al_2025_UNSA,19.7099,0.2324,27.9864,4842.9514,0.0973,4.7819,33.993
47.34,27.34,1.99,7.56,-16.57011,-71.92942,La Joya (As agua),San Isidro,106.32,4.1396,1,bootstrap,Zegarra-Aymara_et_al_2025_UNSA,28.9095,0.149,31.1945,4827.071,0.0323,4.2388,23.0906
60.08,27.73,1.83,7.65,-16.57155,-71.92898,La Joya (As agua),San Isidro,201.19,4.8063,2,bootstrap,Zegarra-Aymara_et_al_2025_UNSA,21.947,0.2024,33.1412,5760.5579,0.144,3.9798,32.8077
44.06,40.05,1.91,7.61,-16.57027,-71.92826,La Joya (As agua),San Isidro,103.82,4.8002,1,bootstrap,Zegarra-Aymara_et_al_2025_UNSA,21.2094,0.1988,30.916,5066.8049,0.0,5.1058,37.7845
55.0,23.87,1.94,7.6,-16.57054,-71.92923,La Joya (As agua),San Isidro,116.25,4.6229,1,bootstrap,Zegarra-Aymara_et_al_2025_UNSA,20.7896,0.2433,30.7471,5466.696,0.0,5.5609,33.9488
33.38,25.34,1.88,7.59,-16.57091,-71.92878,La Joya (As agua),San Isidro,132.25,3.5469,1,bootstrap,Zegarra-Aymara_et_al_2025_UNSA,24.7934,0.1847,33.3366,5268.968,0.0604,5.0613,28.1377
61.53,29.36,2.03,7.5,-16.57009,-71.93007,La Joya (As agua),San Isidro,125.18,4.5598,1,bootstrap,Zegarra-Aymara_et_al_2025_UNSA,17.9165,0.1892,25.6565,5104.8074,0.0413,4.9345,28.6743
45.25,30.39,1.88,7.59,-16.57084,-71.92863,La Joya (As agua),San Isidro,137.41,4.0508,1,bootstrap,Zegarra-Aymara_et_al_2025_UNSA,19.793,0.2416,33.4656,5066.5365,0.0382,4.506,27.7605
43.19,39.22,1.97,7.56,-16.56993,-71.9288,La Joya (As agua),San Isidro,95.05,4.1758,1,bootstrap,Zegarra-Aymara_et_al_2025_UNSA,23.2264,0.1834,31.4033,5268.9484,0.0,3.972,38.102
40.73,30.42,1.92,7.7,-16.57076,-71.92925,La Joya (As agua),San Isidro,108.08,3.8638,1,bootstrap,Zegarra-Aymara_et_al_2025_UNSA,12.4912,0.2396,28.077,5287.6098,0.0,4.5968,27.9122
51.67,24.66,1.93,7.56,-16.571,-71.92975,La Joya (As agua),San Isidro,124.25,3.7263,1,bootstrap,Zegarra-Aymara_et_al_2025_UNSA,18.6725,0.2046,29.0811,5217.9987,0.0402,4.1256,34.889
40.9,35.31,1.98,7.6,-16.57026,-71.92952,La Joya (As agua),San Isidro,103.22,4.8343,1,bootstrap,Zegarra-Aymara_et_al_2025_UNSA,22.5743,0.1478,31.0869,5635.7263,0.0221,4.9678,29.019
45.35,31.77,1.88,7.64,-16.57138,-71.92952,La Joya (As agua),San Isidro,197.51,3.5484,2,bootstrap,Zegarra-Aymara_et_al_2025_UNSA,15.0819,0.17,29.8712,5191.8004,0.1679,4.9467,34.0569
48.38,36.84,1.89,7.52,-16.57093,-71.92897,La Joya (As agua),San Isidro,104.96,4.5641,1,bootstrap,Zegarra-Aymara_et_al_2025_UNSA,25.4129,0.2073,29.6059,5404.5261,0.0,4.6142,31.4702
49.39,28.65,1.99,7.57,-16.57054,-71.92997,La Joya (As agua),San Isidro,141.14,4.28,1,bootstrap,Zegarra-Aymara_et_al_2025_UNSA,20.9246,0.2059,32.4625,4991.7682,0.0578,5.1179,24.5799
45.08,33.33,1.97,7.57,-16.57069,-71.92985,La Joya (As agua),San Isidro,93.07,4.9363,0,bootstrap,Zegarra-Aymara_et_al_2025_UNSA,15.145,0.1659,26.9605,5773.0641,0.0004,4.4469,30.2402
57.65,37.61,2.03,7.54,-16.56927,-71.9287,La Joya (As agua),San Isidro,176.34,4.4946,1,bootstrap,Zegarra-Aymara_et_al_2025_UNSA,16.9589,0.1477,32.4159,5615.5178,0.1361,4.2204,31.2432
50.99,42.28,1.99,7.59,-16.5707,-71.93021,La Joya (As agua),San Isidro,188.5,4.6542,1,bootstrap,Zegarra-Aymara_et_al_2025_UNSA,15.4251,0.2202,30.7991,5501.6762,0.1205,4.1058,25.0799
71.82,39.3,1.95,7.49,-16.57077,-71.92975,La Joya (As agua),San Isidro,125.95,4.9035,1,bootstrap,Zegarra-Aymara_et_al_2025_UNSA,23.9027,0.2241,32.2942,5453.5119,0.02,4.3765,30.1349
49.44,33.34,1.92,7.53,-16.57073,-71.92917,La Joya (As agua),San Isidro,142.46,4.8117,1,bootstrap,Zegarra-Aymara_et_al_2025_UNSA,17.6731,0.216,32.525,5400.2102,0.0505,4.4655,31.7121
54.45,37.07,2.02,7.54,-16.56976,-71.92945,La Joya (As agua),San Isidro,168.45,4.064,1,bootstrap,Zegarra-Aymara_et_al_2025_UNSA,25.0536,0.2213,31.3368,5221.8464,0.0936,4.1318,30.8486
52.45,32.04,1.94,7.59,-16.57099,-71.92983,La Joya (As agua),San Isidro,111.48,4.8937,1,bootstrap,Zegarra-Aymara_et_al_2025_UNSA,12.4168,0.2093,26.7863,5117.2063,0.0092,4.2455,29.6834
63.96,23.89,1.86,7.62,-16.57123,-71.92901,La Joya (As agua),San Isidro,133.26,4.567,1,bootstrap,Zegarra-Aymara_et_al_2025_UNSA,13.9873,0.21,31.6086,5006.9952,0.0428,4.4007,39.7811
50.72,41.47,2.1,7.63,-16.56925,-71.92986,La Joya (As agua),San Isidro,148.66,4.6141,1,bootstrap,Zegarra-Aymara_et_al_2025_UNSA,16.2711,0.2158,29.7673,5447.2974,0.0628,5.0701,32.2724
43.93,22.95,1.96,7.55,-16.57021,-71.92903,La Joya (As agua),San Isidro,111.08,3.8683,1,bootstrap,Zegarra-Aymara_et_al_2025_UNSA,18.0642,0.1824,31.8676,5564.3908,0.028,5.1898,37.768
59.74,47.16,2.03,7.59,-16.56971,-71.92943,La Joya (As agua),San Isidro,297.17,4.1293,2,bootstrap,Zegarra-Aymara_et_al_2025_UNSA,16.7148,0.1569,31.5072,5075.8095,0.3174,3.9061,26.6081
44.48,29.35,1.94,7.49,-16.57047,-71.92911,La Joya (As agua),San Isidro,80.59,4.0043,0,bootstrap,Zegarra-Aymara_et_al_2025_UNSA,15.9446,0.1441,30.2949,4670.5268,0.0,4.186,28.419
45.52,26.77,1.97,7.64,-16.57005,-71.92902,La Joya (As agua),San Isidro,113.24,4.2543,1,bootstrap,Zegarra-Aymara_et_al_2025_UNSA,21.7145,0.2163,30.3529,5183.0591,0.0121,4.043,33.7439
51.83,41.49,1.96,7.63,-16.57083,-71.93001,La Joya (As agua),San Isidro,196.39,4.2841,2,bootstrap,Zegarra-Aymara_et_al_2025_UNSA,16.8279,0.2253,28.7029,4902.7748,0.1339,4.1861,30.2142
45.26,40.73,1.99,7.61,-16.57049,-71.93,La Joya (As agua),San Isidro,244.13,4.0756,2,bootstrap,Zegarra-Aymara_et_al_2025_UNSA,28.3534,0.201,24.7677,5392.6003,0.217,5.2637,39.7336
49.52,35.83,1.91,7.52,-16.57086,-71.92929,La Joya (As agua),San Isidro,106.92,4.0166,1,bootstrap,Zegarra-Aymara_et_al_2025_UNSA,17.6095,0.228,31.9017,5370.2328,0.0,4.3011,28.781
43.88,31.12,2.03,7.44,-16.56997,-71.92978,La Joya (As agua),San Isidro,196.65,3.6012,2,bootstrap,Zegarra-Aymara_et_al_2025_UNSA,26.3996,0.189,28.2558,5749.5268,0.1559,4.4725,30.705
51.02,34.78,2.01,7.62,-16.5697,-71.92919,La Joya (As agua),San Isidro,109.25,4.6876,1,bootstrap,Zegarra-Aymara_et_al_2025_UNSA,15.5421,0.2236,29.3278,4594.6404,0.0,3.9408,34.2097
53.71,30.67,2.08,7.58,-16.56952,-71.93003,La Joya (As agua),San Isidro,100.46,4.3676,1,bootstrap,Zegarra-Aymara_et_al_2025_UNSA,17.358,0.2018,26.2601,5684.891,0.0,5.496,31.814
49.7,24.06,1.97,7.59,-16.57052,-71.92969,La Joya (As agua),San Isidro,122.07,4.3727,1,bootstrap,Zegarra-Aymara_et_al_2025_UNSA,17.157,0.1972,28.5863,5931.9767,0.0339,5.2481,31.1206
48.68,52.68,1.93,7.66,-16.57072,-71.92929,La Joya (As agua),San Isidro,279.62,4.3371,2,bootstrap,Zegarra-Aymara_et_al_2025_UNSA,26.2408,0.2202,33.8444,5276.964,0.2571,4.2124,28.6945
52.39,45.66,2.0,7.64,-16.57009,-71.92957,La Joya (As agua),San Isidro,88.91,4.5094,0,bootstrap,Zegarra-Aymara_et_al_2025_UNSA,28.6811,0.1546,29.3964,5164.9178,0.0,5.0008,30.8028
51.63,28.08,1.95,7.59,-16.57068,-71.92961,La Joya (As agua),San Isidro,97.1,4.6203,1,bootstrap,Zegarra-Aymara_et_al_2025_UNSA,18.0685,0.1821,32.5044,5398.5081,0.0,3.8351,38.3323
43.75,27.36,1.95,7.62,-16.57059,-71.92939,La Joya (As agua),San Isidro,99.1,3.7524,1,bootstrap,Zegarra-Aymara_et_al_2025_UNSA,16.9194,0.2092,29.7854,5452.1653,0.0,4.6421,36.5912
56.25,42.08,1.98,7.58,-16.57055,-71.92982,La Joya (As agua),San Isidro,100.66,4.7211,1,bootstrap,Zegarra-Aymara_et_al_2025_UNSA,19.9443,0.1743,28.8632,5349.1361,0.0084,4.7075,34.1741
45.84,44.32,2.03,7.53,-16.57,-71.92987,La Joya (As agua),San Isidro,89.27,4.227,0,bootstrap,Zegarra-Aymara_et_al_2025_UNSA,18.5526,0.1669,28.982,5161.5878,0.0,4.2989,36.9604
58.86,28.37,1.97,7.58,-16.57041,-71.92955,La Joya (As agua),San Isidro,160.21,4.3499,1,bootstrap,Zegarra-Aymara_et_al_2025_UNSA,22.2667,0.2633,28.0335,5531.9171,0.0607,3.6587,35.2275
42.42,33.54,2.01,7.52,-16.5705,-71.93026,La Joya (As agua),San Isidro,92.61,4.6428,0,bootstrap,Zegarra-Aymara_et_al_2025_UNSA,18.4887,0.1677,30.5592,5148.2861,0.0,4.8371,27.0146
42.84,30.35,1.96,7.55,-16.57002,-71.92878,La Joya (As agua),San Isidro,118.76,4.6018,1,bootstrap,Zegarra-Aymara_et_al_2025_UNSA,17.1574,0.2558,27.3556,5662.2786,0.0,5.4868,34.4651
53.67,33.95,1.96,7.58,-16.57011,-71.92887,La Joya (As agua),San Isidro,143.83,4.2715,1,bootstrap,Zegarra-Aymara_et_al_2025_UNSA,23.6205,0.205,26.9803,5067.5971,0.0632,5.0799,38.8199
45.82,33.18,2.01,7.57,-16.57013,-71.92973,La Joya (As agua),San Isidro,161.6,3.9501,1,bootstrap,Zegarra-Aymara_et_al_2025_UNSA,15.2108,0.211,30.456,5484.3211,0.0912,4.5837,34.3176
